Name,Base Numbers,Catalog Numbers,Models,Box Sets,Section
Commando,,35000,COM-2D,,Classic BattleTech Introductory Box Set
Spider,,35000,SDR-5V,,Classic BattleTech Introductory Box Set
Jenner,,35000,JR7-D,,Classic BattleTech Introductory Box Set
Panther,,35000,PNT-9R,,Classic BattleTech Introductory Box Set
Assassin,,35000,ASN-21,,Classic BattleTech Introductory Box Set
Cicada,,35000,CDA-2A,,Classic BattleTech Introductory Box Set
Clint,,35000,CLNT-2-3T,,Classic BattleTech Introductory Box Set
Hermes II,,35000,HER-2S,,Classic BattleTech Introductory Box Set
Whitworth,,35000,WTH-1,,Classic BattleTech Introductory Box Set
Vindicator,,35000,VND-1R,,Classic BattleTech Introductory Box Set
Enforcer,,35000,ENF-4R,,Classic BattleTech Introductory Box Set
Hunchback,,35000,HBK-4G,,Classic BattleTech Introductory Box Set
Trebuchet,,35000,TBT-5N,,Classic BattleTech Introductory Box Set
Dervish,,35000,DV-6M,,Classic BattleTech Introductory Box Set
Dragon,,35000,DRG-1N,,Classic BattleTech Introductory Box Set
Quickdraw,,35000,QKD-4G,,Classic BattleTech Introductory Box Set
Catapult,,35000,CPLT-C1,,Classic BattleTech Introductory Box Set
JagerMech,,35000,JM6-S,,Classic BattleTech Introductory Box Set
Grasshopper,,35000,GHR-5H,,Classic BattleTech Introductory Box Set
Awesome,,35000,AWS-8Q,,Classic BattleTech Introductory Box Set
Zeus,,35000,ZEU-6S,,Classic BattleTech Introductory Box Set
Cyclops,,35000,CP-10-Z,,Classic BattleTech Introductory Box Set
Banshee,,35000,BNC-3E,,Classic BattleTech Introductory Box Set
Atlas,,35000,AS7-D,,Classic BattleTech Introductory Box Set
Commando,1,3500B,COM-2D,,BattleTech Introductory Box Set and Alpha Strike Lance Packs
Spider,2,3500B / 35713,SDR-5V,,BattleTech Introductory Box Set and Alpha Strike Lance Packs
Jenner,3,3500B / 35715,JR7-D,,BattleTech Introductory Box Set and Alpha Strike Lance Packs
Panther,4,3500B / 35717,PNT-9R,,BattleTech Introductory Box Set and Alpha Strike Lance Packs
Assassin,5,3500B,ASN-21,,BattleTech Introductory Box Set and Alpha Strike Lance Packs
Cicada,6,3500B / 35713,CDA-2A,,BattleTech Introductory Box Set and Alpha Strike Lance Packs
Clint,7,3500B / 35715,CLNT-2-3T,,BattleTech Introductory Box Set and Alpha Strike Lance Packs
Hermes II,8,3500B,HER-2S,,BattleTech Introductory Box Set and Alpha Strike Lance Packs
Whitworth,9,3500B,WTH-1,,BattleTech Introductory Box Set and Alpha Strike Lance Packs
Vindicator,10,3500B / 35711,VND-1R,,BattleTech Introductory Box Set and Alpha Strike Lance Packs
Enforcer,11,3500B,ENF-4R,,BattleTech Introductory Box Set and Alpha Strike Lance Packs
Hunchback,12,3500B,HBK-4G,,BattleTech Introductory Box Set and Alpha Strike Lance Packs
Trebuchet,13,3500B / 35716,TBT-5N,,BattleTech Introductory Box Set and Alpha Strike Lance Packs
Dervish,14,3500B / 35716,DV-6M,,BattleTech Introductory Box Set and Alpha Strike Lance Packs
Dragon,15,3500B / 35717,DRG-1N,,BattleTech Introductory Box Set and Alpha Strike Lance Packs
Quickdraw,16,3500B / 35000,QKD-4G,,BattleTech Introductory Box Set and Alpha Strike Lance Packs
Catapult,17,3500B / 35714,CPLT-C1,,BattleTech Introductory Box Set and Alpha Strike Lance Packs
Grasshopper,19,3500B / 35710,GHR-5H,,BattleTech Introductory Box Set and Alpha Strike Lance Packs
Awesome,20,3500B / 35711,AWS-8Q,,BattleTech Introductory Box Set and Alpha Strike Lance Packs
Zeus,21,3500B / 35712,ZEU-6S,,BattleTech Introductory Box Set and Alpha Strike Lance Packs
Cyclops,22,3500B / 35714,CP-10-Z,,BattleTech Introductory Box Set and Alpha Strike Lance Packs
Banshee,23,3500B / 35712,BNC-3E,,BattleTech Introductory Box Set and Alpha Strike Lance Packs
'Atlas',24,3500B / 35710,AS7-D,,BattleTech Introductory Box Set and Alpha Strike Lance Packs
Flea,25,35713,FLE-15,,BattleTech Introductory Box Set and Alpha Strike Lance Packs
Firestarter,26,35711,FS9-H,,BattleTech Introductory Box Set and Alpha Strike Lance Packs
Raven,27,35714,RVN-3L,,BattleTech Introductory Box Set and Alpha Strike Lance Packs
Wolfhound,28,35715,WLF-1,,BattleTech Introductory Box Set and Alpha Strike Lance Packs
Vulcan,29,35713,VL-2T,,BattleTech Introductory Box Set and Alpha Strike Lance Packs
Blackjack,30,35710,BJ-1,,BattleTech Introductory Box Set and Alpha Strike Lance Packs
Hatchetman,31,35712,HCT-3F,,BattleTech Introductory Box Set and Alpha Strike Lance Packs
Centurion,32,35715,CN9-A,,BattleTech Introductory Box Set and Alpha Strike Lance Packs
Cataphract,33,35714,CTF-2X,,BattleTech Introductory Box Set and Alpha Strike Lance Packs
Guillotine,34,35717,GLT-3N,,BattleTech Introductory Box Set and Alpha Strike Lance Packs
Orion,35,35712,ON1-K,,BattleTech Introductory Box Set and Alpha Strike Lance Packs
Charger,36,35711,CGR-1A1,,BattleTech Introductory Box Set and Alpha Strike Lance Packs
Victor,37,35710,VTR-9B,,BattleTech Introductory Box Set and Alpha Strike Lance Packs
Shogun,38,35716,SHG-2E,,BattleTech Introductory Box Set and Alpha Strike Lance Packs
Stalker,39,35716,STK-3F,,BattleTech Introductory Box Set and Alpha Strike Lance Packs
Hellbringer (Loki) x2,,CAT-LOKI,,Hellbringer / Summoner Two-Pack (CAT-LOKI/CAT-THOR),25th Anniversary Introductory Box Set and BattleTech Introductory Box Set Seperates
Summoner (Thor) x2,,CAT-THOR,,Hellbringer / Summoner Two-Pack (CAT-LOKI/CAT-THOR),25th Anniversary Introductory Box Set and BattleTech Introductory Box Set Seperates
Hellbringer (Loki),,35000A,,Hellbringer / Summoner Two-Pack (35000A),25th Anniversary Introductory Box Set and BattleTech Introductory Box Set Seperates
Summoner (Thor),,35000A,,Hellbringer / Summoner Two-Pack (35000A),25th Anniversary Introductory Box Set and BattleTech Introductory Box Set Seperates
BattleMaster,,35000B,BLR-4S,BattleMaster / Timber Wolf Two-Pack (35000B),25th Anniversary Introductory Box Set and BattleTech Introductory Box Set Seperates
Timber Wolf (Mad Cat),,35000B,,BattleMaster / Timber Wolf Two-Pack (35000B),25th Anniversary Introductory Box Set and BattleTech Introductory Box Set Seperates
Griffin,1,35020,GRF-1N / -3N / C,BattleTech Beginner Box,BattleTech Beginner Boxes and BattleTech: A Game of Armored Combat
Wolverine,2,35020 / 3500D,WVR-6R / -3R / -9R / -10R,BattleTech Beginner Box / BattleTech: A Game of Armored Combat,BattleTech Beginner Boxes and BattleTech: A Game of Armored Combat
Awesome,3,3500D,AWS-8Q / -11H,BattleTech: A Game of Armored Combat,BattleTech Beginner Boxes and BattleTech: A Game of Armored Combat
Catapult,4,3500D,CPLT-C1 / -C1b / - C5A,BattleTech: A Game of Armored Combat,BattleTech Beginner Boxes and BattleTech: A Game of Armored Combat
Thunderbolt,5,3500D,TDR-5S / -5Sb / -5Sb2 TDR-7M / -7S / -12R,BattleTech: A Game of Armored Combat,BattleTech Beginner Boxes and BattleTech: A Game of Armored Combat
Commando,6,3500D,COM-2D / -9S,BattleTech: A Game of Armored Combat,BattleTech Beginner Boxes and BattleTech: A Game of Armored Combat
BattleMaster,7,3500D,BLR-1G / -6G / C 3,BattleTech: A Game of Armored Combat,BattleTech Beginner Boxes and BattleTech: A Game of Armored Combat
Shadow Hawk,8,3500D,SHD-2H / -5R / -7H / C,BattleTech: A Game of Armored Combat,BattleTech Beginner Boxes and BattleTech: A Game of Armored Combat
Locust,9,3500D,LCT-1V / -5M2 / -5M3 / -6M LCT-7S / -7V / 7V2,BattleTech: A Game of Armored Combat,BattleTech Beginner Boxes and BattleTech: A Game of Armored Combat
Griffin,1A-2,35020M,GRF-1N / -3N / -C,"BattleTech Beginner Box, Second Edition",BattleTech Beginner Boxes and BattleTech: A Game of Armored Combat
Vindicator,3-8A,35020M,VND-1R / -1AA / -1X / -7L,"BattleTech Beginner Box, Second Edition",BattleTech Beginner Boxes and BattleTech: A Game of Armored Combat
Centurion,4-25,35020E,Yen-Lo- Wang,BattleTech: Essentials,BattleTech Beginner Boxes and BattleTech: A Game of Armored Combat
Rifleman,4-26,35202E,RFL-3N / -5M / -7N / -9T / C 3 Legend Killer / Legend Killer 2,BattleTech: Essentials,BattleTech Beginner Boxes and BattleTech: A Game of Armored Combat
Dire Wolf,1,35720 / 36001,Prime Config / E Config T Config,Clan Command Star / Salvage Box: Clan Invasion,BattleTech Clan Invasion
Mist Lynx,2,35720 / 36001,Prime Config / T Config,Clan Command Star / Salvage Box: Clan Invasion,BattleTech Clan Invasion
Shadow Cat,3,35720 / 36001,Prime Config / T Config,Clan Command Star / Salvage Box: Clan Invasion,BattleTech Clan Invasion
Stormcrow,4,35720 / 36001,Prime Config / H Config T Config,Clan Command Star / Salvage Box: Clan Invasion,BattleTech Clan Invasion
Summoner,5,35720 / 36001,Prime Config / T Config U Config,Clan Command Star / Salvage Box: Clan Invasion,BattleTech Clan Invasion
Gargoyle,6,35722 / 36001,Prime Config / T Config,Clan Heavy Striker Star / Salvage Box: Clan Invasion,BattleTech Clan Invasion
Hellbringer,7,35722 / 36001,Prime Config / T Config,Clan Heavy Striker Star / Salvage Box: Clan Invasion,BattleTech Clan Invasion
Ice Ferret,8,35722 / 36001,Prime Config / T Config,Clan Heavy Striker Star / Salvage Box: Clan Invasion,BattleTech Clan Invasion
Mad Dog,9,35722 / 36001,Prime Config / T Config,Clan Heavy Striker Star / Salvage Box: Clan Invasion,BattleTech Clan Invasion
Viper,10,35722 / 36001,Prime Config / T Config,Clan Heavy Striker Star / Salvage Box: Clan Invasion,BattleTech Clan Invasion
Adder,11,35030 / 36001,Prime Config / H Config T Config,Clan Invasion Box Set / Salvage Box: Clan Invasion,BattleTech Clan Invasion
Mongrel,12,35030 / 36001,Prime Config / T Config,Clan Invasion Box Set / Salvage Box: Clan Invasion,BattleTech Clan Invasion
Nova,13,35030 / 36001,Prime Config / T Config,Clan Invasion Box Set / Salvage Box: Clan Invasion,BattleTech Clan Invasion
Timber Wolf,14,35030 / 36001,Prime Config / T Config,Clan Invasion Box Set / Salvage Box: Clan Invasion,BattleTech Clan Invasion
Executioner,15,35030 / 36001,Prime Config / T Config,Clan Invasion Box Set / Salvage Box: Clan Invasion,BattleTech Clan Invasion
Elemental Battle Armor,16,35030 / 35739,Standard / Fire Elemental III,Clan Invasion Box Set / Clan Elemental Star / Wolf's Dragoons Assault Star,BattleTech Clan Invasion
Phoenix Hawk,17,35723,PHX-1 / -9 / -99 / C 2,Inner Sphere Battle Lance,BattleTech Clan Invasion
Rifleman,18,35723,RFL-3N / -5M / -7N / -9T / C 3,Inner Sphere Battle Lance,BattleTech Clan Invasion
Warhammer,19,35723,WHM-6R / -6Rb / -6Rk WHM-8R / -10K / C / C 2,Inner Sphere Battle Lance,BattleTech Clan Invasion
Wasp,20,35723,WSP-1A / -5A / C,Inner Sphere Battle Lance,BattleTech Clan Invasion
Archer,21,35721,ARC-2R / -4M / -4M2 / -7C Archer C / ARC-2R Morgan,Inner Sphere Command Lance,BattleTech Clan Invasion
Marauder,22,35721,MAD-3R / -1R / -2R / -2T MAD-3L / -3M / -7C / -7R / C,Inner Sphere Command Lance,BattleTech Clan Invasion
Stinger,23,35721,STG-3R / -6G / -6R / -6S,Inner Sphere Command Lance,BattleTech Clan Invasion
Valkyrie,24,35721,VLK-QA / - QD / -QDD VLK-QD6 / - QD8 / C,Inner Sphere Command Lance,BattleTech Clan Invasion
Archer ll,25,35740 / 36003,ARC-2R / 4M / 4M2,Legendary MechWarriors Pack / Salvage Box: Legendary,BattleTech Clan Invasion
Morgan Kell,,36003,-4M / -4M2,Salvage Box: Legendary,BattleTech Clan Invasion
Dire Wolf Natasha Kerensky,26,35740 / 36003,Widowmaker,Legendary MechWarriors Pack / Salvage Box: Legendary,BattleTech Clan Invasion
Marauder Grayson Death Carlyle,27,35740 / 36003,MAD-3R / -1R / -2R / -2T MAD-3L / -3M / -7C / -7R / C,Legendary MechWarriors Pack / Salvage Box: Legendary,BattleTech Clan Invasion
Timber Wolf Aidan Pryde,28,35740 / 36003,Pryde,Legendary MechWarriors Pack / Salvage Box: Legendary,BattleTech Clan Invasion
UrbanMech,29,36002,UM-R60 / - R69 / -R80,Salvage Box: UrbanMech,BattleTech Clan Invasion
Fire Falcon,94,35734,Prime Config / T Config,Clan Ad Hoc Star,BattleTech Clan Invasion
Hellion,95,35734,Prime Config / T Config,Clan Ad Hoc Star,BattleTech Clan Invasion
Howler,78,35734,1,Clan Ad Hoc Star,BattleTech Clan Invasion
Kodiak,96,35734,1 / 6,Clan Ad Hoc Star,BattleTech Clan Invasion
Pack Hunter,97,35734,1 / 4 / 5,Clan Ad Hoc Star,BattleTech Clan Invasion
Cougar,30,35724,Prime Config / T Config,Clan Fire Star,BattleTech Clan Invasion
Fire Moth,31,35724,Prime Config / T Config,Clan Fire Star,BattleTech Clan Invasion
Kit Fox,32,35724,Prime Config / T Config,Clan Fire Star,BattleTech Clan Invasion
Nova Cat,33,35724,Prime Config / T Config,Clan Fire Star,BattleTech Clan Invasion
Warhawk,34,35724,Prime Config / T Config,Clan Fire Star,BattleTech Clan Invasion
Crossbow,86,35728,Prime Config / T Config,Clan Heavy Battle Star,BattleTech Clan Invasion
Ebon Jaguar,87,35728,Prime Config / T Config,Clan Heavy Battle Star,BattleTech Clan Invasion
Huntsman,88,35728,Prime Config / T Config,Clan Heavy Battle Star,BattleTech Clan Invasion
Kingfisher,89,35728,Prime Config / T Config,Clan Heavy Battle Star,BattleTech Clan Invasion
Turkina,72,35728,Prime Config / T Config,Clan Heavy Battle Star,BattleTech Clan Invasion
Behemoth,50,35730,1,Clan Heavy Star,BattleTech Clan Invasion
Hunchback IIC,48,35730,1,Clan Heavy Star,BattleTech Clan Invasion
Marauder IIC,49,35730,1 / 10,Clan Heavy Star,BattleTech Clan Invasion
Supernova,51,35730,1 / 5,Clan Heavy Star,BattleTech Clan Invasion
Warhammer IIC,52,35730,1,Clan Heavy Star,BattleTech Clan Invasion
Conjurer,73,35732,1,Clan Striker Star,BattleTech Clan Invasion
Horned Owl,74,35732,1 / 5,Clan Striker Star,BattleTech Clan Invasion
Incubus,75,35732,1 / 9,Clan Striker Star,BattleTech Clan Invasion
Piranha,76,35732,1 / 2 / 5,Clan Striker Star,BattleTech Clan Invasion
Vapor Eagle,77,35732,1 / 3,Clan Striker Star,BattleTech Clan Invasion
Arctic Cheetah,39,35726,Prime Config / F Config T Config,Clan Support Star,BattleTech Clan Invasion
Battle Cobra,40,35726,Prime Config / T Config,Clan Support Star,BattleTech Clan Invasion
Black Lanner,41,35726,Prime Config / T Config,Clan Support Star,BattleTech Clan Invasion
Linebacker,42,35726,Prime Config / T Config,Clan Support Star,BattleTech Clan Invasion
Night Gyr,43,35726,Prime Config / T Config,Clan Support Star,BattleTech Clan Invasion
Atlas,35,35725,AS7-D / AS8-K / C,Inner Sphere Direct Fire Lance,BattleTech Clan Invasion
Crusader,36,35725,CRD-3R / -8R / -9R / -10S,Inner Sphere Direct Fire Lance,BattleTech Clan Invasion
Marauder II,37,35725,MAD-5A / -6A / C,Inner Sphere Direct Fire Lance,BattleTech Clan Invasion
Orion,38,35725,ON1-K / -Kb / C 2,Inner Sphere Direct Fire Lance,BattleTech Clan Invasion
Longbow,53,35731,LGB-7Q / -10C / -14Q,Inner Sphere Fire Lance,BattleTech Clan Invasion
Stalker,54,35731,STK-3F / -9F,Inner Sphere Fire Lance,BattleTech Clan Invasion
Trebuchet,55,35731,TBT-5N / -9N,Inner Sphere Fire Lance,BattleTech Clan Invasion
Zeus,56,35731,ZEU-5S,Inner Sphere Fire Lance,BattleTech Clan Invasion
Axman,90,35733,AXM-1N / -5N,Inner Sphere Heavy Battle Lance,BattleTech Clan Invasion
Bushwacker,91,35733,BSW-X1 / - X4,Inner Sphere Heavy Battle Lance,BattleTech Clan Invasion
Cataphract,92,35733,CTF-3D / -5LL,Inner Sphere Heavy Battle Lance,BattleTech Clan Invasion
NightStar,93,35733,NSR-9J / -10D,Inner Sphere Heavy Battle Lance,BattleTech Clan Invasion
Banshee,44,35727,BNC-3S / -12S,Inner Sphere Heavy Lance,BattleTech Clan Invasion
Centurion,45,35727,CN9-A / CN9-D / CN9-D3 CN10-B / CN10-D,Inner Sphere Heavy Lance,BattleTech Clan Invasion
Grasshopper,46,35727,GHR-5H / -8K,Inner Sphere Heavy Lance,BattleTech Clan Invasion
Blackjack,58,35729,BJ-1 / -5,Inner Sphere Striker Lance,BattleTech Clan Invasion
Jenner,63,35729,JR7-D / -K / -N,Inner Sphere Striker Lance,BattleTech Clan Invasion
Panther,66,35729,PNT-9R / -10K / -10KA PNT-14R / - C / -CA,Inner Sphere Striker Lance,BattleTech Clan Invasion
Wolfhound,70,35729,WLF-1 / -2 / -3S / -6S / -1 Allard,Inner Sphere Striker Lance,BattleTech Clan Invasion
Cyclops,98,35736,CP-10-Z / -11-A / -11- A-DC CP-11-G / C,Inner Sphere Support Lance,BattleTech Clan Invasion
Dragon,99,35736,DRG-1N / -12K,Inner Sphere Support Lance,BattleTech Clan Invasion
Spider,100,35736,SDR-5V / -7M / -8M / -9M,Inner Sphere Support Lance,BattleTech Clan Invasion
Thug,79,35736,THG-11E / -11Eb / -13U THG-11E Marita,Inner Sphere Support Lance,BattleTech Clan Invasion
Enforcer,59,35735,ENF-4R / -5R,Inner Sphere Urban Lance,BattleTech Clan Invasion
Hunchback,62,35735,HBK-4G / -5M / -5N / -6N / -7S / C HBK-4G Shakir / -4G Hohiro,Inner Sphere Urban Lance,BattleTech Clan Invasion
Raven,67,35735,RVN-3L / -4L / -5L,Inner Sphere Urban Lance,BattleTech Clan Invasion
Victor,69,35735,VTR-9B / -9D / -9K / -10D / -12D / C,Inner Sphere Urban Lance,BattleTech Clan Invasion
Crab,80,35738,CRB-27 / -27b / -20 / -30 / -54,ComStar Battle Level II,BattleTech Clan Invasion
Crockett,81,35738,CRK-5003-1 / -5003-0 / -5003-2 CRK-5003-3 / -5003-CJ / -5006-1,ComStar Battle Level II,BattleTech Clan Invasion
Flashman,82,35738,FLS-8K / -10E,ComStar Battle Level II,BattleTech Clan Invasion
Guillotine,83,35738,GLT-3N / -4L / -4P / -5M / -7M,ComStar Battle Level II,BattleTech Clan Invasion
Lancelot,84,35738,LNC25-01 / -01sl / -01X / -02 LNC25-03 / -07 / -08 / -09,ComStar Battle Level II,BattleTech Clan Invasion
Mongoose,85,35738,MON-66 / -66b / -67 MON-76 / -96 / C / C 2,ComStar Battle Level II,BattleTech Clan Invasion
Black Knight,57,35737,BL-6-KNT / BL-6b-KNT BL-7-KNT / BL-18-KNT,ComStar Command Level II,BattleTech Clan Invasion
Exterminator,60,35737,EXT-4D / -4C / -7X,ComStar Command Level II,BattleTech Clan Invasion
Highlander,61,35737,HGN-732 / -733 / -733C HGN-733P / -740,ComStar Command Level II,BattleTech Clan Invasion
King Crab,64,35737,KGC-000 / -000b / -0000 / -011,ComStar Command Level II,BattleTech Clan Invasion
Mercury,65,35737,MCY-99 / -98 / -97 / -105,ComStar Command Level II,BattleTech Clan Invasion
Sentinel,68,35737,STN-3L / -3K / -3M / -6S,ComStar Command Level II,BattleTech Clan Invasion
Shilone,71-4,36004,SL-17 / -17R,Salvage Box: Shilone,BattleTech Clan Invasion
Archer,3-2,35739,ARC-2W / C 2,Clan Elemental Star / Wolf's Dragoons Assault Star,Independent Release ForcePacks
Blackjack,3-3,35739,BJ-2 / C,Clan Elemental Star / Wolf's Dragoons Assault Star,Independent Release ForcePacks
Rifleman,3-4,35739,RFL-3N / -5M / -7N / -9T / C 3,Clan Elemental Star / Wolf's Dragoons Assault Star,Independent Release ForcePacks
Timber Wolf,3-5,35739,Prime Config / T Config,Clan Elemental Star / Wolf's Dragoons Assault Star,Independent Release ForcePacks
Sagittaire,4-7,35763,SGT-8R / -9D / -14R,Eridani Light Horse Hunter Lance,Independent Release ForcePacks
Banshee,4-5,35763,BNC-3S / -12S,Eridani Light Horse Hunter Lance,Independent Release ForcePacks
Cyclops,4-6,35763,CP-11-A / -11-A-DC / -11-G / C,Eridani Light Horse Hunter Lance,Independent Release ForcePacks
Thunderbolt,4-8,35763,TDR-5SE / -9SE / -10SE,Eridani Light Horse Hunter Lance,Independent Release ForcePacks
Penetrator,4-3,35764,PTR-4D / -6S / -6T PTR-8D / -4D Christifori,Hansen's Roughriders Battle Lance,Independent Release ForcePacks
Atlas,4-1,35764,AS7-D / AS8-K / C,Hansen's Roughriders Battle Lance,Independent Release ForcePacks
Enforcer,4-2,35764,ENF-5D,Hansen's Roughriders Battle Lance,Independent Release ForcePacks
Hatchetman,4-4,35764,HCT-6D,Hansen's Roughriders Battle Lance,Independent Release ForcePacks
Gunslinger,4-14,35767,GUN-1ERD / -3ERD,Northwind Highlanders Command Lance,Independent Release ForcePacks
Highlander,4-16,35767,HGN-732 / -733 / -733C HGN-733P / -740,Northwind Highlanders Command Lance,Independent Release ForcePacks
Grasshopper,4-15,35767,GHR-5J,Northwind Highlanders Command Lance,Independent Release ForcePacks
Warhammer,4-13,35767,WHM-7S,Northwind Highlanders Command Lance,Independent Release ForcePacks
Nightsky,4-10,35766,NGS-4S / -5T / -7S,Kell Hounds Striker Lance,Independent Release ForcePacks
Wolfhound,4-9,35766,WLF-1 / -2 / -3S / -6S / -1 Allard,Kell Hounds Striker Lance,Independent Release ForcePacks
Griffin,4-11,35766,GRF-3M,Kell Hounds Striker Lance,Independent Release ForcePacks
Crusader,4-12,35766,CRD-5M,Kell Hounds Striker Lance,Independent Release ForcePacks
Regent,4-18,35765,Prime Config,Gray Death Legion Heavy Battle Lance,Independent Release ForcePacks
Shadow Hawk,4-20,35765,SHD-2H / -5R / -7H / C,Gray Death Legion Heavy Battle Lance,Independent Release ForcePacks
Gargoyle,4-19,35765,C Config,Gray Death Legion Heavy Battle Lance,Independent Release ForcePacks
Catapult,4-17,35765,CPLT-K2K / -K4,Gray Death Legion Heavy Battle Lance,Independent Release ForcePacks
Spartan,4-27,35770,SPT-N2 / - N1 / -N4,Snord's Irregulars Assault Lance,Independent Release ForcePacks
Rifleman,4-28,35770,RFL-3N Rifleman Sneede,Snord's Irregulars Assault Lance,Independent Release ForcePacks
Highlander,4-29,35770,HGN-694,Snord's Irregulars Assault Lance,Independent Release ForcePacks
Guillotine,4-30,35770,GLT-3N / -4L / -4P / -5M / -7M,Snord's Irregulars Assault Lance,Independent Release ForcePacks
Battleaxe,4-35,35775,BKX-7K / - RISC,Proliferation Cycle Pack,Independent Release ForcePacks
Ymir,4-37,35775,BWP-2B,Proliferation Cycle Pack,Independent Release ForcePacks
Coyotl,4-31,35775,Prime Config,Proliferation Cycle Pack,Independent Release ForcePacks
Firebee,4-33,35775,FRB-2E,Proliferation Cycle Pack,Independent Release ForcePacks
Gladiator,4-34,35775,GLD-4R / -7R / SF,Proliferation Cycle Pack,Independent Release ForcePacks
Icarus II,4-32,35775,ICR-1S / -2X,Proliferation Cycle Pack,Independent Release ForcePacks
Mackie,4-36,35775,MSK-6S,Proliferation Cycle Pack,Independent Release ForcePacks
UrbanMech,4-21,35776,UM-R60L,UrbanMech Lance,Independent Release ForcePacks
UrbanMech,4-22,35776,UM-R60 / - R69 / -R80,UrbanMech Lance,Independent Release ForcePacks
UrbanMech,4-23,35776,UM-R27,UrbanMech Lance,Independent Release ForcePacks
UrbanMech,4-24,35776,UM-R68,UrbanMech Lance,Independent Release ForcePacks
Atlas II,3-97,35780,AS7-D-H / - DK-H / -D- H Kerensky,Star League Command Lance,Independent Release ForcePacks
Phoenix Hawk,3-96,35780,"PXH-1b ""Special"" PXH-1c ""Special""",Star League Command Lance,Independent Release ForcePacks
Thunder Hawk,3-98,35780,TDK-7X / -7Z,Star League Command Lance,Independent Release ForcePacks
Orion,3-99,35780,ON1-Kb Kerensky,Star League Command Lance,Independent Release ForcePacks
Urbanmech LAM (Mech Mode),3-91,36012,,Salvage Box: Urbanmech LAM,Independent Release ForcePacks
Urbanmech LAM (AirMech Mode),3-92,36012,,Salvage Box: Urbanmech LAM,Independent Release ForcePacks
Urbanmech LAM (Aerospace Mode),3-90,36012,,Salvage Box: Urbanmech LAM,Independent Release ForcePacks
Coolant Truck,4-17,35781,135-K Lifesaver,Second Star League Assault Lance,Independent Release ForcePacks
Helios,4-18,35781,HEL-3D / -6RISC,Second Star League Assault Lance,Independent Release ForcePacks
Argus,4-19,35781,AGS-4D,Second Star League Assault Lance,Independent Release ForcePacks
Dire Wolf,4-20,35781,Prometheus,Second Star League Assault Lance,Independent Release ForcePacks
Emperor,4-21,35781,EMP-6A / -6X,Second Star League Assault Lance,Independent Release ForcePacks
Starslayer,4-22,35771,STY-3C / -2C / -4C,McCarron's Armored Cavalry Assault Lance,Independent Release ForcePacks
Awesome,4-23,35771,AWS-9Q,McCarron's Armored Cavalry Assault Lance,Independent Release ForcePacks
Black Knight,4-24,35771,BL-6-KNT / BL-6b-KNT BL-7-KNT / BL-18-KNT,McCarron's Armored Cavalry Assault Lance,Independent Release ForcePacks
Tian-Zong,4-25,35771,TNZ-N1 / - N2 / -N3,McCarron's Armored Cavalry Assault Lance,Independent Release ForcePacks
Blood Asp,4-26A,35788,I Config,Black Remnant Command Lance,Independent Release ForcePacks
Cyclops,4-27A,35788,CP-11-H,Black Remnant Command Lance,Independent Release ForcePacks
Flashman,4-28A,35788,FLS-8K / -10E,Black Remnant Command Lance,Independent Release ForcePacks
Dragon Fire,4-29A,35788,DGR-3F / -4F / -4F / 6N DGR-5F / -6FC / -7K / -9D,Black Remnant Command Lance,Independent Release ForcePacks
Hammerhead,4-38,35784,1,Third Star League Strike Team,Independent Release ForcePacks
Havoc,4-39,35784,HVC-P6 / - P7,Third Star League Strike Team,Independent Release ForcePacks
Jackalope,4-40,35784,JLP-BD / -C / -IC / -NH / -KA,Third Star League Strike Team,Independent Release ForcePacks
Kintaro,4-41,35784,KTO-19 / -20 / -22,Third Star League Strike Team,Independent Release ForcePacks
Lament,4-42,35784,LMT-2R,Third Star League Strike Team,Independent Release ForcePacks
J-27 Ordnance Transport,4-43,35784,Standard / Fusion Armor / RISC,Third Star League Strike Team,Independent Release ForcePacks
Excalibur,4-44,35787,EXC-B2 / - B2b / -B2- RISC,Third Star League Battle Group,Independent Release ForcePacks
Malice,4-45,35787,MAL-XT / - XV / -Y-SH- LAZR,Third Star League Battle Group,Independent Release ForcePacks
Peacekeeper,4-46,35787,PKP-1A,Third Star League Battle Group,Independent Release ForcePacks
Savage Wolf,4-47,35787,A Config,Third Star League Battle Group,Independent Release ForcePacks
Savior Repair Vehicle,4-48,35787,Standard,Third Star League Battle Group,Independent Release ForcePacks
Wendigo,4-49,35787,Prime Config / Wendigo- XR,Third Star League Battle Group,Independent Release ForcePacks
Shadow Cat,4-64,35795,I Config,21st Centauri Lancers Command Lance,Independent Release ForcePacks
Shockwave,4-65,35795,SKW-2F / SKW-6H,21st Centauri Lancers Command Lance,Independent Release ForcePacks
Stalker,4-66,35795,STK-8S,21st Centauri Lancers Command Lance,Independent Release ForcePacks
Jade Hawk,4-63,35795,1 / JHK-03,21st Centauri Lancers Command Lance,Independent Release ForcePacks
Scarabus,4-78,38002,SCB-9A / -9T,Illician Lancers Command Lance,Independent Release ForcePacks
Ostroc,4-75,38002,OSR-2C / -2D / -3M / -6R,Illician Lancers Command Lance,Independent Release ForcePacks
Ostsol,4-77,38002,OTL-9R,Illician Lancers Command Lance,Independent Release ForcePacks
Ostwar,4-76,38002,OWR-2M / -3M,Illician Lancers Command Lance,Independent Release ForcePacks
Archer,a2,35690,ARC-2K / -5R / -9R / -9W,Alpha Strike Boxed Set,Independent Release ForcePacks
Atlas,a1,35690,AS7-S,Alpha Strike Boxed Set,Independent Release ForcePacks
Blackjack,a9,35690,BJ-3,Alpha Strike Boxed Set,Independent Release ForcePacks
Fire Moth,a7,35690,D Config,Alpha Strike Boxed Set,Independent Release ForcePacks
Nova,13,35690,Prime Config / T Config,Alpha Strike Boxed Set,Independent Release ForcePacks
Locust,a4,35690,LCT-3M,Alpha Strike Boxed Set,Alpha Strike
Phoenix Hawk,17,35690,PXH-1 / -9 / -99 / C 2,Alpha Strike Boxed Set,Alpha Strike
Pouncer,a8,35690,Prime Config / T Config W Config,Alpha Strike Boxed Set,Alpha Strike
Timber Wolf,14,35690,Prime Config / T Config,Alpha Strike Boxed Set,Alpha Strike
Warhammer,19,35690,WHM-6R / -6Rb / -6Rk WHM-8R / -10K / C / C 2,Alpha Strike Boxed Set,Alpha Strike
Warhawk,a5,35690,C Config,Alpha Strike Boxed Set,Alpha Strike
Wasp,a3,35690,WSP-3W,Alpha Strike Boxed Set,Alpha Strike
Wraith,a6,35690,TR1 / TR2 / TR5,Alpha Strike Boxed Set,Alpha Strike
Bane,4-55,35490,3,BattleTech Aces: Scouring Sands,Alpha Strike
Fulcrum Hovertank,4-56,35490,Standard,BattleTech Aces: Scouring Sands,Alpha Strike
Howler,4-57,35490,6,BattleTech Aces: Scouring Sands,Alpha Strike
Locust IIC,4-58,35490,4,BattleTech Aces: Scouring Sands,Alpha Strike
Marauder IIC,4-59,35490,6,BattleTech Aces: Scouring Sands,Alpha Strike
Rifleman,4-60,35490,C 2,BattleTech Aces: Scouring Sands,Alpha Strike
Summoner,4-61,35490,H Config,BattleTech Aces: Scouring Sands,Alpha Strike
Thunderbolt IIC,4-62,35490,1,BattleTech Aces: Scouring Sands,Alpha Strike
Timber Wolf (Mad Cat),1-1,35MTF4,Prime Config / T Config,Mercenary Kickstarter Bonus 100mm Timber Wolf (Mad Cat),Alpha Strike
Devastator,3-13,35050,DVS-2 / -2-EC / -11,Mercenaries Box Set,Alpha Strike
Flea,3-6,35050,FLE-16 / -20 / -21,Mercenaries Box Set,Mercenaries
Firefly,3-7,35050,FFL-4B / -4C / -4D / -5A,Mercenaries Box Set,Mercenaries
Caesar,3-12,35050,CES-3R / -5R,Mercenaries Box Set,Mercenaries
Quickdraw,3-11,35050,QKD-4G / -5M / -9G,Mercenaries Box Set,Mercenaries
Starslayer,3-9,35050,STY-3C / -2C / -4C,Mercenaries Box Set,Mercenaries
Ostsol,3-10,35050,OTL-4D / -8E / -8E3 / -8F / C,Mercenaries Box Set,Mercenaries
Chameleon,3-8,35050,CLN-7V / -8V / -9V,Mercenaries Box Set,Mercenaries
Maxim,3-15,35050,Standard / Escort,Mercenaries Box Set,Mercenaries
Galleon,3-14,35050,GAL-100 / -102 / -103 / -106 GAL-200 / -201 / C,Mercenaries Box Set,Mercenaries
Firestarter,3-18,35751,"FS9-H / -A / -N ""Mirage II""",Inner Sphere Recon Lance,Mercenaries
Javelin,3-17,35751,JVN-10N / -12N,Inner Sphere Recon Lance,Mercenaries
Ostscout,3-16,35751,OTT-7J / -7Jb / -7K / -8J / -12R,Inner Sphere Recon Lance,Mercenaries
Spector,3-19,35751,SPR-5F / -6F,Inner Sphere Recon Lance,Mercenaries
Cicada,3-20,35752,CDA-2A / -4A,Inner Sphere Pursuit Lance,Mercenaries
Clint,3-21,35752,CLNT-2-3T / -2-3U / -2-3UL CLNT-3-3T / -3-4T,Inner Sphere Pursuit Lance,Mercenaries
Dervish,3-23,35752,DV-6M / -7D / -11DK,Inner Sphere Pursuit Lance,Mercenaries
Hermes II,3-22,35752,HER-2S / -5S / -5SA / -5Sr / -7A,Inner Sphere Pursuit Lance,Mercenaries
Skulker,3-24,35753,Standard / X-5 / Mk. II / C,Battlefield Support: Recon & Hunter Lance,Mercenaries
Warrior,3-25,35753,H-7 / -7F,Battlefield Support: Recon & Hunter Lance,Mercenaries
Behemoth,3-27,35753,Standard / Refit / Davion,Battlefield Support: Recon & Hunter Lance,Mercenaries
Ontos,3-26,35753,Standard / Chemical Laser,Battlefield Support: Recon & Hunter Lance,Mercenaries
JagerMech,3-31,35754,JM6-S / - DD / -DDa JM7-D / - DD,Inner Sphere Security Lance,Mercenaries
Scorpion,3-30,35754,SCP-1N / -1BR / -1O SCP-2N / -12S / C,Inner Sphere Security Lance,Mercenaries
Vulcan,3-28,35754,VT-2T / -5M / -5S VT-5Sr / -6M / -7T,Inner Sphere Security Lance,Mercenaries
Whitworth,3-29,35754,WTH-1 / -2H,Inner Sphere Security Lance,Mercenaries
Black Python White Raven,3-36,35755,(Black Python) 1 (White Raven) 1,Clan Cavalry Star,Mercenaries
Shadow Hawk IIC,3-35,35755,1 / 11,Clan Cavalry Star,Mercenaries
Griffin IIC,3-34,35755,1,Clan Cavalry Star,Mercenaries
Jenner IIC,3-33,35755,1,Clan Cavalry Star,Mercenaries
Locust IIC,3-32,35755,1 / 10,Clan Cavalry Star,Mercenaries
Demolisher,3-39,35756,Standard / Mk I / Mk II Fuel Cell / Reinforced,Battlefield Support: Assault & Cavalry Lances,Mercenaries
Schrek,3-40,35756,Standard / XL,Battlefield Support: Assault & Cavalry Lances,Mercenaries
Condor,3-38,35756,Standard / LAC / Ultra,Battlefield Support: Assault & Cavalry Lances,Mercenaries
Pegasus,3-37,35756,Standard / 3058 Upgrade Sealed / MML,Battlefield Support: Assault & Cavalry Lances,Mercenaries
Pillager,3-44,35757,PLG-3Z / -6Z,Inner Sphere Assault Lance,Mercenaries
Goliath,3-42,35757,GOL-1H / -3M,Inner Sphere Assault Lance,Mercenaries
Shogun,3-43,35757,SHG-2F / -2E / -3E / C 2 / C 3,Inner Sphere Assault Lance,Mercenaries
Hoplite,3-41,35757,HOP-4D / -4C / -5C,Inner Sphere Assault Lance,Mercenaries
Charger,3-48,35758,CGR-1A1 / C,Inner Sphere Heavy Recon Lance,Mercenaries
Ostroc,3-47,35758,OSR-2C / -2D / -3M / -6R,Inner Sphere Heavy Recon Lance,Mercenaries
Merlin,3-46,35758,MLN-1A / -1D / C,Inner Sphere Heavy Recon Lance,Mercenaries
Assassin,3-45,35758,ASN-21 / -109,Inner Sphere Heavy Recon Lance,Mercenaries
Manticore,3-52,35759,Standard / XL,Battlefield Support: Battle & Fire Lances,Mercenaries
Vedette,3-51,35759,Standard / NETC / LB-X / Armor,Battlefield Support: Battle & Fire Lances,Mercenaries
LRM Carrier -or- SRM Carrier,3-50 / 3-49,35759,Standard / 3055 Upgrade / C -or- Standard / C,Battlefield Support: Battle & Fire Lances,Mercenaries
Bane,3-57,35760,1 / 6,Clan Direct Fire Star,Mercenaries
Highlander IIC,3-56,35760,1 / 3 / 4,Clan Direct Fire Star,Mercenaries
Phoenix Hawk IIC,3-55,35760,1,Clan Direct Fire Star,Mercenaries
Grizzly,3-54,35760,1 / 3,Clan Direct Fire Star,Mercenaries
Rifleman IIC,3-53,35760,1 / 10,Clan Direct Fire Star,Mercenaries
Inner Sphere Standard Battle Armor,3-58,35761,Standard / Magnetic,Inner Sphere Battle Armor Platoon,Mercenaries
Mobile Long Tom,3-61 / 3-62,35762,LT- MOB-25 / -25F,Battlefield Support: Objectives,Mercenaries
Mobile HQ,3-59,35762,Standard / ICE / Browning,Battlefield Support: Objectives,Mercenaries
MASH Truck,3-60,35762,Standard / ICE / AMS,Battlefield Support: Objectives,Mercenaries
Devastator,3-65,35768,DVS-2 / -2-EC / -11,Legendary MechWarriors II Pack,Mercenaries
Charger,3-66,35768,CGR-3K / -1A9,Legendary MechWarriors II Pack,Mercenaries
Marauder,3-67,35768,MAD-3R / -1R / -2R / -2T MAD-3L / -3M / -7C / -7R / C Red Hunter (3146),Legendary MechWarriors II Pack,Mercenaries
Caesar,3-64,35768,CSR-3R Archangel,Legendary MechWarriors II Pack,Mercenaries
SM1 Tank Destroyer,3-63,35768,SM1 / SM1B,Legendary MechWarriors II Pack,Mercenaries
Marauder,3-68,35769,Bounty Hunter (3015) Bounty H t,Legendary MechWarriors III Pack,Mercenaries
Warhammer,3-69,35769,WHM-9K,Legendary MechWarriors III Pack,Mercenaries
Griffin,3-70,35769,GRF-2N / -2N2,Legendary MechWarriors III Pack,Mercenaries
Timber Wolf,3-71,35769,Bounty Hunter / S Config,Legendary MechWarriors III Pack,Mercenaries
Loki Mk II,3-72,35769,Prime Config / T Config,Legendary MechWarriors III Pack,Mercenaries
Marauder II,3-73,35769,Bounty Hunter,Legendary MechWarriors III Pack,Mercenaries
Hetzer,3-76,35777,Standard / AC / 10 / LB-X Fuel Cell / Clan,Battlefield Support: Rifle & Command Lances,Mercenaries
Bulldog,3-77,35777,Standard / ERLL Plasma / Chemical,Battlefield Support: Rifle & Command Lances,Mercenaries
SturmFeur,3-78,35777,Standard / Cell,Battlefield Support: Rifle & Command Lances,Mercenaries
Von Luckner,3-79,35777,VNL-K65N / -K90,Battlefield Support: Rifle & Command Lances,Mercenaries
Patton,3-80,35778,Standard / Taurian / XL,Battlefield Support: Heavy Battle & Sweep Lances,Mercenaries
Pike,3-81,35778,Standard / LB-X,Battlefield Support: Heavy Battle & Sweep Lances,Mercenaries
J. Edgar,3-82,35778,Standard / Chemical / ICE Light PPC / Machine Gun X-Pulse,Battlefield Support: Heavy Battle & Sweep Lances,Mercenaries
Drillson,3-83,35778,Standard / ICE / C / MML,Battlefield Support: Heavy Battle & Sweep Lances,Mercenaries
Axman,3-84,35779,AXM-2N,Somerset Strikers ForcePack,Mercenaries
Mauler,3-85,35779,MAL-1R / -1K / -1KX / -1PT5 MAL-1Y / -3K / -4R / -C LMN-1PT5 / DCMS- MX90-D,Somerset Strikers ForcePack,Mercenaries
Bushwacker,3-86,35779,BSW-X1 / -X4,Somerset Strikers ForcePack,Mercenaries
Hatamoto- Chi,3-87,35779,HTM-27T / -26T / -30T,Somerset Strikers ForcePack,Mercenaries
Wolfhound,3-88,35779,WLF-1B,Somerset Strikers ForcePack,Mercenaries
Visigoth,3-74,36010,Prime Config,Salvage Box: Visigoth,Mercenaries
Savannah Master,3-75,36011,Standard / Reflective,Salvage Box: Savannah Master,Mercenaries
Blood Asp,3-89,36013,Prime Config / T Config,Salvage Box: Blood Asp (Star Adder),Mercenaries
Enforcer,4-30A,35783,ENF-5R,BattleTech: House Davion Cavalry Lance,Mercenaries
Gunsmith,4-31A,35783,CH11-NG,BattleTech: House Davion Cavalry Lance,Mercenaries
Hellspawn,4-32A,35783,HSN-7D / -8E,BattleTech: House Davion Cavalry Lance,Mercenaries
Legionnaire,4-33A,35783,LGN-2D / -2K / -2K- RISC,BattleTech: House Davion Cavalry Lance,Mercenaries
Thanatos,4-34A,35782,TNS-4S / -7D / -7D2,BattleTech: House Davion Heavy Battle Lance,Mercenaries
Falconer,4-35A,35782,FLC-8R,BattleTech: House Davion Heavy Battle Lance,Mercenaries
Templar,4-36A,35782,TLR1-O / - ORISC,BattleTech: House Davion Heavy Battle Lance,Mercenaries
Thunderbolt,4-37A,35782,TDR-9NAIS,BattleTech: House Davion Heavy Battle Lance,Mercenaries
Avatar,4-67,35785,AV1-O,BattleTech: House Kurita Ranger Lance,Faction Force Packs
Chimera,4-68,35785,CMA-1S,BattleTech: House Kurita Ranger Lance,Faction Force Packs
Panther,4-69,35785,PNT-9R / -10K / -10KA PNT-14R / -C / -CA,BattleTech: House Kurita Ranger Lance,Faction Force Packs
Venom,4-70,35785,SDR-9K,BattleTech: House Kurita Ranger Lance,Faction Force Packs
Akuma,4-71,35786,AKU-2XC,BattleTech: House Kurita Command Lance,Faction Force Packs
Grand Dragon,4-72,35786,DRG-10K,BattleTech: House Kurita Command Lance,Faction Force Packs
Rokurokubi,4-73,35786,RK-4T,BattleTech: House Kurita Command Lance,Faction Force Packs
Shiro,4-74,35786,SH-1V,BattleTech: House Kurita Command Lance,Faction Force Packs
Black Knight,,36000,"BL-9-KNT ""Clanbuster""",,Faction Force Packs
Stormcrow,,36001,B Config / K Config TC Config,Salvage Box: Clan Invasion,Faction Force Packs
Wolfhound IIC,,37009M,"""Grinner""",,Faction Force Packs
Timber Wolf,,37010M,TC Config,,Faction Force Packs
Hammerhead,,37011M,1,,Faction Force Packs
Eris,,37012M,ERS-2N,,Faction Force Packs
Phoenix Hawk,,37013M,PHX-1 / -9 / -99 / C 2,,Premium Miniatures
Rifleman,,37014M,RFL-3N / -5M / -7N / -9T / C 3,,Premium Miniatures
Mad Dog,,37015M,Prime Config / T Config,,Premium Miniatures
Wolverine,,37016M,WVR-6R / -3R / -9R / -10R,,Premium Miniatures
BattleMaster,,37017M,BLR-1G / -6G / C 3,,Premium Miniatures
Nova Cat,,37018M,Prime Config / T Config,,Premium Miniatures
Black Knight,,37020M,"BL-9-KNT ""Clanbuster""",,Premium Miniatures
Stormcrow,,37021M,B Config / K Config TC Config,,Premium Miniatures
